<xml xmlns="http://www.w3.org/1999/xhtml">
  <variables>
    <variable type="" id="`7dWok*z%6;4pCka9#lA">words</variable>
    <variable type="" id="Bg(j2t^z.$~W/H|p;lAL">y</variable>
    <variable type="" id="OEDC*3D{XRX|6W.UWEd`">x</variable>
  </variables>
  <block type="procedures_defnoreturn" id="72" x="-27" y="-373">
    <mutation>
      <arg name="words" varid="`7dWok*z%6;4pCka9#lA"></arg>
    </mutation>
    <field name="NAME">say</field>
    <comment pinned="false" h="80" w="160">Describe this function...</comment>
    <statement name="STACK">
      <block type="variables_set" id="140" inline="true">
        <field name="VAR" id="Bg(j2t^z.$~W/H|p;lAL" variabletype="">y</field>
        <value name="VALUE">
          <block type="math_arithmetic" id="154">
            <field name="OP">MINUS</field>
            <value name="A">
              <block type="variables_get" id="155">
                <field name="VAR" id="Bg(j2t^z.$~W/H|p;lAL" variabletype="">y</field>
              </block>
            </value>
            <value name="B">
              <block type="math_number" id="156">
                <field name="NUM">30</field>
              </block>
            </value>
          </block>
        </value>
        <next>
          <block type="draw_write" id="178" inline="false">
            <field name="FONTSIZE">14</field>
            <value name="STRING">
              <block type="variables_get" id="228">
                <field name="VAR" id="`7dWok*z%6;4pCka9#lA" variabletype="">words</field>
              </block>
            </value>
            <next>
              <block type="goto" id="194">
                <value name="X">
                  <block type="variables_get" id="195">
                    <field name="VAR" id="OEDC*3D{XRX|6W.UWEd`" variabletype="">x</field>
                  </block>
                </value>
                <value name="Y">
                  <block type="variables_get" id="196">
                    <field name="VAR" id="Bg(j2t^z.$~W/H|p;lAL" variabletype="">y</field>
                  </block>
                </value>
              </block>
            </next>
          </block>
        </next>
      </block>
    </statement>
  </block>
  <block type="procedures_defnoreturn" id="L)e!F:|j+$`(y:iJhj.O" x="-144" y="-347">
    <field name="NAME">makeH</field>
    <comment pinned="false" h="80" w="160">Describe this function...</comment>
    <statement name="STACK">
      <block type="draw_pen" id="lJ,@DX9_{]@oRgSGbH_1">
        <field name="PEN">penup</field>
        <next>
          <block type="draw_move" id="%G1Ush6!=`k(/~|00;@l">
            <field name="DIR">forward</field>
            <value name="VALUE">
              <block type="math_number" id=":XUd?=4a`U_C5I13?B/T">
                <field name="NUM">30</field>
              </block>
            </value>
            <next>
              <block type="draw_turn" id=":OUEh#ym/Z[9NfzK};=r">
                <field name="DIR">left</field>
                <value name="VALUE">
                  <block type="math_number" id="8OTdu^yq4q!JcNV2W)jP">
                    <field name="NUM">90</field>
                  </block>
                </value>
                <next>
                  <block type="draw_move" id="$bo-^1?AmmWNWwvLR$2}">
                    <field name="DIR">forward</field>
                    <value name="VALUE">
                      <block type="math_number" id="Rv2edC[[a#deepW!X6!M">
                        <field name="NUM">80</field>
                      </block>
                    </value>
                    <next>
                      <block type="draw_pen" id="rKaK8M6$--cj]_wSwFX?">
                        <field name="PEN">pendown</field>
                        <next>
                          <block type="draw_move" id="f2ACh{KNFOq$LDE#o2D7">
                            <field name="DIR">forward</field>
                            <value name="VALUE">
                              <block type="math_number" id="FqdcwS_eoBIZ!+v#JAF-">
                                <field name="NUM">50</field>
                              </block>
                            </value>
                            <next>
                              <block type="draw_turn" id="V.3,uXh0G_VO(qLJBtB0">
                                <field name="DIR">right</field>
                                <value name="VALUE">
                                  <block type="math_number" id="fFv$=@gRcrrFw[95Jmc)">
                                    <field name="NUM">90</field>
                                  </block>
                                </value>
                                <next>
                                  <block type="draw_move" id="BCF4n9o;6X]eC|k-[0b*">
                                    <field name="DIR">forward</field>
                                    <value name="VALUE">
                                      <block type="math_number" id="!D|XJLZW?e|Y://v[@qD">
                                        <field name="NUM">25</field>
                                      </block>
                                    </value>
                                    <next>
                                      <block type="draw_turn" id="iMrcDsG;8Wv8Yr`qTel,">
                                        <field name="DIR">right</field>
                                        <value name="VALUE">
                                          <block type="math_number" id="U~L.A[w3ihJ=1714HVNi">
                                            <field name="NUM">90</field>
                                          </block>
                                        </value>
                                        <next>
                                          <block type="draw_move" id="BOWl-Z)jnQBH3B%.dXwX">
                                            <field name="DIR">forward</field>
                                            <value name="VALUE">
                                              <block type="math_number" id="Og$2C^M1MPP{pxf1y6Aq">
                                                <field name="NUM">20</field>
                                              </block>
                                            </value>
                                            <next>
                                              <block type="draw_turn" id="XO=d9!jQDG)i|_c-Pfje">
                                                <field name="DIR">left</field>
                                                <value name="VALUE">
                                                  <block type="math_number" id="Iwfsl*Tv)?PPULlI{t_9">
                                                    <field name="NUM">90</field>
                                                  </block>
                                                </value>
                                                <next>
                                                  <block type="draw_move" id="Za4AX((v5yNg+(R;w_!O">
                                                    <field name="DIR">forward</field>
                                                    <value name="VALUE">
                                                      <block type="math_number" id="#.C/.@8Ae/cw+}baaj5R">
                                                        <field name="NUM">25</field>
                                                      </block>
                                                    </value>
                                                    <next>
                                                      <block type="draw_turn" id="8kH?Jz~Eq,e.Q+9b}7Y$">
                                                        <field name="DIR">left</field>
                                                        <value name="VALUE">
                                                          <block type="math_number" id="4I~fAQ=8*wkjKeJZ_4E-">
                                                            <field name="NUM">90</field>
                                                          </block>
                                                        </value>
                                                        <next>
                                                          <block type="draw_move" id="19aHZn6Yg=t0kz$Y:K0H">
                                                            <field name="DIR">forward</field>
                                                            <value name="VALUE">
                                                              <block type="math_number" id="w(g!G[y$9S#}J-vv@RuM">
                                                                <field name="NUM">20</field>
                                                              </block>
                                                            </value>
                                                            <next>
                                                              <block type="draw_turn" id="zw|ihmB|m1,NT.e;~nZv">
                                                                <field name="DIR">right</field>
                                                                <value name="VALUE">
                                                                  <block type="math_number" id="3Goj]p|7Rz?kgFHKX^c?">
                                                                    <field name="NUM">90</field>
                                                                  </block>
                                                                </value>
                                                                <next>
                                                                  <block type="draw_move" id="5d#vHx81_GonVU|uj27I">
                                                                    <field name="DIR">forward</field>
                                                                    <value name="VALUE">
                                                                      <block type="math_number" id="[`OFP:aZ}A(U{rLZo+{8">
                                                                        <field name="NUM">25</field>
                                                                      </block>
                                                                    </value>
                                                                    <next>
                                                                      <block type="draw_turn" id="jM+AEoqbK~~ai_k6.9-l">
                                                                        <field name="DIR">right</field>
                                                                        <value name="VALUE">
                                                                          <block type="math_number" id="@Q9.qY[~uaQ@PCITTr$=">
                                                                            <field name="NUM">90</field>
                                                                          </block>
                                                                        </value>
                                                                        <next>
                                                                          <block type="draw_move" id="LCTb}$`uOgpc/tO-m^59">
                                                                            <field name="DIR">forward</field>
                                                                            <value name="VALUE">
                                                                              <block type="math_number" id="g`nky.9BX|,CF_$7A56M">
                                                                                <field name="NUM">50</field>
                                                                              </block>
                                                                            </value>
                                                                            <next>
                                                                              <block type="draw_turn" id="a9{Lq;sYWUZOo#Fqlp^+">
                                                                                <field name="DIR">right</field>
                                                                                <value name="VALUE">
                                                                                  <block type="math_number" id="gd~D1yO,)9IVWAqIY:?.">
                                                                                    <field name="NUM">90</field>
                                                                                  </block>
                                                                                </value>
                                                                                <next>
                                                                                  <block type="draw_move" id="UNd#^+FU[3}|w91uud~m">
                                                                                    <field name="DIR">forward</field>
                                                                                    <value name="VALUE">
                                                                                      <block type="math_number" id="~ZL.HPR|-E}hL[Eg?O4)">
                                                                                        <field name="NUM">25</field>
                                                                                      </block>
                                                                                    </value>
                                                                                    <next>
                                                                                      <block type="draw_turn" id="XPlR=t![xbC{^cHs}SIW">
                                                                                        <field name="DIR">right</field>
                                                                                        <value name="VALUE">
                                                                                          <block type="math_number" id="QMlYq~sm$4!QAixtF/yJ">
                                                                                            <field name="NUM">90</field>
                                                                                          </block>
                                                                                        </value>
                                                                                        <next>
                                                                                          <block type="draw_move" id="37}RFxfrjV%u+Yv6|p-)">
                                                                                            <field name="DIR">forward</field>
                                                                                            <value name="VALUE">
                                                                                              <block type="math_number" id="OzpEDQn`uxFQy%.4_%4h">
                                                                                                <field name="NUM">20</field>
                                                                                              </block>
                                                                                            </value>
                                                                                            <next>
                                                                                              <block type="draw_turn" id="^=)f2;^2Q|-,Ie?;*gE4">
                                                                                                <field name="DIR">left</field>
                                                                                                <value name="VALUE">
                                                                                                  <block type="math_number" id=":[c71^:!o(;Y13_]5^4G">
                                                                                                    <field name="NUM">90</field>
                                                                                                  </block>
                                                                                                </value>
                                                                                                <next>
                                                                                                  <block type="draw_move" id="7JT1G*Gn{gd(YdfIw$dv">
                                                                                                    <field name="DIR">forward</field>
                                                                                                    <value name="VALUE">
                                                                                                      <block type="math_number" id="n}w14k/FzvH]6T:l1i=q">
                                                                                                        <field name="NUM">25</field>
                                                                                                      </block>
                                                                                                    </value>
                                                                                                    <next>
                                                                                                      <block type="draw_turn" id="d)ZGY}Zi5PHL/;6u+b`j">
                                                                                                        <field name="DIR">left</field>
                                                                                                        <value name="VALUE">
                                                                                                          <block type="math_number" id="wL7D^~7IJnobjTZ.KYFd">
                                                                                                            <field name="NUM">90</field>
                                                                                                          </block>
                                                                                                        </value>
                                                                                                        <next>
                                                                                                          <block type="draw_move" id="Isjme)m6%a205J{v?Yk|">
                                                                                                            <field name="DIR">forward</field>
                                                                                                            <value name="VALUE">
                                                                                                              <block type="math_number" id="AH`V.SFD1nkdG^.iuh8y">
                                                                                                                <field name="NUM">20</field>
                                                                                                              </block>
                                                                                                            </value>
                                                                                                            <next>
                                                                                                              <block type="draw_turn" id="+?3hc+l^c/sN~|_z]IO9">
                                                                                                                <field name="DIR">right</field>
                                                                                                                <value name="VALUE">
                                                                                                                  <block type="math_number" id="p)!2*O}nve[TX)q`2*C;">
                                                                                                                    <field name="NUM">90</field>
                                                                                                                  </block>
                                                                                                                </value>
                                                                                                                <next>
                                                                                                                  <block type="draw_move" id="|v^u;JDSFPWMGUbStS4y">
                                                                                                                    <field name="DIR">forward</field>
                                                                                                                    <value name="VALUE">
                                                                                                                      <block type="math_number" id="*9moK0mUq,6QTU,+my-g">
                                                                                                                        <field name="NUM">25</field>
                                                                                                                      </block>
                                                                                                                    </value>
                                                                                                                  </block>
                                                                                                                </next>
                                                                                                              </block>
                                                                                                            </next>
                                                                                                          </block>
                                                                                                        </next>
                                                                                                      </block>
                                                                                                    </next>
                                                                                                  </block>
                                                                                                </next>
                                                                                              </block>
                                                                                            </next>
                                                                                          </block>
                                                                                        </next>
                                                                                      </block>
                                                                                    </next>
                                                                                  </block>
                                                                                </next>
                                                                              </block>
                                                                            </next>
                                                                          </block>
                                                                        </next>
                                                                      </block>
                                                                    </next>
                                                                  </block>
                                                                </next>
                                                              </block>
                                                            </next>
                                                          </block>
                                                        </next>
                                                      </block>
                                                    </next>
                                                  </block>
                                                </next>
                                              </block>
                                            </next>
                                          </block>
                                        </next>
                                      </block>
                                    </next>
                                  </block>
                                </next>
                              </block>
                            </next>
                          </block>
                        </next>
                      </block>
                    </next>
                  </block>
                </next>
              </block>
            </next>
          </block>
        </next>
      </block>
    </statement>
  </block>
  <block type="procedures_defnoreturn" id="Yo*Q4x:$oAiosyT6n{8x" x="214" y="-269">
    <field name="NAME">makeM</field>
    <comment pinned="false" h="80" w="160">Describe this function...</comment>
    <statement name="STACK">
      <block type="draw_pen" id="wK:!b8HC3WT0f|%^XCA4">
        <field name="PEN">pendown</field>
        <next>
          <block type="draw_move" id="u_p{D{=87;{qo`xL?1%$">
            <field name="DIR">backward</field>
            <value name="VALUE">
              <block type="math_number" id="+Bef4XxV*X=(wXcil858">
                <field name="NUM">30</field>
              </block>
            </value>
            <next>
              <block type="draw_turn" id="s(~N_ZrxDw8*~wx9IMKB">
                <field name="DIR">right</field>
                <value name="VALUE">
                  <block type="math_number" id="Vyt17fd5Tq69p`vXS4h)">
                    <field name="NUM">90</field>
                  </block>
                </value>
                <next>
                  <block type="draw_move" id="oa#67q28|wY$g3di!mOz">
                    <field name="DIR">forward</field>
                    <value name="VALUE">
                      <block type="math_number" id="|2[^bFAZLN-`+SYsRtU4">
                        <field name="NUM">60</field>
                      </block>
                    </value>
                    <next>
                      <block type="draw_turn" id="EJ?FrG:ukCC9mCe8.xrF">
                        <field name="DIR">left</field>
                        <value name="VALUE">
                          <block type="math_number" id="gm=#idGAv`-dnM_]D]_B">
                            <field name="NUM">90</field>
                          </block>
                        </value>
                        <next>
                          <block type="draw_move" id=":QhqVz;3fwr0M{x`E%6-">
                            <field name="DIR">forward</field>
                            <value name="VALUE">
                              <block type="math_number" id="diP1`Rc0ZhQcEtBYO);~">
                                <field name="NUM">30</field>
                              </block>
                            </value>
                            <next>
                              <block type="draw_turn" id="sG9tL%Hvq6j,I?n!R}x;">
                                <field name="DIR">left</field>
                                <value name="VALUE">
                                  <block type="math_number" id="n)(mMQ,O%1mx[bcyf)c-">
                                    <field name="NUM">90</field>
                                  </block>
                                </value>
                                <next>
                                  <block type="draw_move" id="/1*N-L|UGMaGkNj$|P4b">
                                    <field name="DIR">forward</field>
                                    <value name="VALUE">
                                      <block type="math_number" id=";LE3PC:qiZs.)O!95[08">
                                        <field name="NUM">45</field>
                                      </block>
                                    </value>
                                    <next>
                                      <block type="draw_turn" id="{eH*y!Qn-$;6.d1FkWk9">
                                        <field name="DIR">right</field>
                                        <value name="VALUE">
                                          <block type="math_number" id="Il6cQ)jCZwqt*r:HnVl*">
                                            <field name="NUM">120</field>
                                          </block>
                                        </value>
                                        <next>
                                          <block type="draw_move" id="i4E_cfO44o^H#s^PW}R6">
                                            <field name="DIR">forward</field>
                                            <value name="VALUE">
                                              <block type="math_number" id=".2(v_HuwqdMikGHKzw_r">
                                                <field name="NUM">30</field>
                                              </block>
                                            </value>
                                            <next>
                                              <block type="draw_turn" id="?n.K@EENZ]724~=SA3k]">
                                                <field name="DIR">left</field>
                                                <value name="VALUE">
                                                  <block type="math_number" id="qQ4gosN1HtfFpO2f$tX=">
                                                    <field name="NUM">90</field>
                                                  </block>
                                                </value>
                                                <next>
                                                  <block type="draw_move" id="W~}T1Gx@+%KH@4-,ZLqL">
                                                    <field name="DIR">forward</field>
                                                    <value name="VALUE">
                                                      <block type="math_number" id="kt0p5WI8On_K)9kLXvI[">
                                                        <field name="NUM">20</field>
                                                      </block>
                                                    </value>
                                                    <next>
                                                      <block type="draw_turn" id="oEcQ,h:W=|Nv4l/+wA)M">
                                                        <field name="DIR">right</field>
                                                        <value name="VALUE">
                                                          <block type="math_number" id="2DcUY*ULLD_u`c.$[l;9">
                                                            <field name="NUM">145</field>
                                                          </block>
                                                        </value>
                                                        <next>
                                                          <block type="draw_move" id=".G:wf76skwo8=PV{oQ0A">
                                                            <field name="DIR">forward</field>
                                                            <value name="VALUE">
                                                              <block type="math_number" id="irMt[Qz]ggp!;s-.Q?|J">
                                                                <field name="NUM">45</field>
                                                              </block>
                                                            </value>
                                                            <next>
                                                              <block type="draw_turn" id="p`p}3dk1GN,v|IIP/QQu">
                                                                <field name="DIR">left</field>
                                                                <value name="VALUE">
                                                                  <block type="math_number" id=";j8)o.;W{3y/@/Hc/SB`">
                                                                    <field name="NUM">90</field>
                                                                  </block>
                                                                </value>
                                                                <next>
                                                                  <block type="draw_move" id="F_9NL1Mqhn=iqrTB.pQt">
                                                                    <field name="DIR">forward</field>
                                                                    <value name="VALUE">
                                                                      <block type="math_number" id="_zS]yH[YcSD~S[Q9|+Vn">
                                                                        <field name="NUM">30</field>
                                                                      </block>
                                                                    </value>
                                                                    <next>
                                                                      <block type="draw_turn" id=".Qv8)/#wu@dY5T%LAvED">
                                                                        <field name="DIR">left</field>
                                                                        <value name="VALUE">
                                                                          <block type="math_number" id="rf%54V0pHN85@d;Iepji">
                                                                            <field name="NUM">90</field>
                                                                          </block>
                                                                        </value>
                                                                        <next>
                                                                          <block type="draw_move" id="NGT)OqOv^u`b;z:{Sb3U">
                                                                            <field name="DIR">forward</field>
                                                                            <value name="VALUE">
                                                                              <block type="math_number" id="t6o/.^9+z*@0)HrSge1F">
                                                                                <field name="NUM">60</field>
                                                                              </block>
                                                                            </value>
                                                                            <next>
                                                                              <block type="draw_turn" id="E~Z^~x]*LWd11vEI?9e-">
                                                                                <field name="DIR">left</field>
                                                                                <value name="VALUE">
                                                                                  <block type="math_number" id="QG=cQfy@pZ1:|ed+CSAc">
                                                                                    <field name="NUM">90</field>
                                                                                  </block>
                                                                                </value>
                                                                                <next>
                                                                                  <block type="draw_move" id="=1N9gW/njjZkE7_g`+N=">
                                                                                    <field name="DIR">forward</field>
                                                                                    <value name="VALUE">
                                                                                      <block type="math_number" id="nu)dEs4c{7VpcREP+4_T">
                                                                                        <field name="NUM">60</field>
                                                                                      </block>
                                                                                    </value>
                                                                                  </block>
                                                                                </next>
                                                                              </block>
                                                                            </next>
                                                                          </block>
                                                                        </next>
                                                                      </block>
                                                                    </next>
                                                                  </block>
                                                                </next>
                                                              </block>
                                                            </next>
                                                          </block>
                                                        </next>
                                                      </block>
                                                    </next>
                                                  </block>
                                                </next>
                                              </block>
                                            </next>
                                          </block>
                                        </next>
                                      </block>
                                    </next>
                                  </block>
                                </next>
                              </block>
                            </next>
                          </block>
                        </next>
                      </block>
                    </next>
                  </block>
                </next>
              </block>
            </next>
          </block>
        </next>
      </block>
    </statement>
  </block>
  <block type="draw_shape" id="22" x="-26" y="-192">
    <field name="SHAPE">turtle</field>
    <next>
      <block type="draw_pen" id="68">
        <field name="PEN">penup</field>
        <next>
          <block type="variables_set" id="107" inline="true">
            <field name="VAR" id="OEDC*3D{XRX|6W.UWEd`" variabletype="">x</field>
            <value name="VALUE">
              <block type="math_number" id="45">
                <field name="NUM">-60</field>
              </block>
            </value>
            <next>
              <block type="variables_set" id="114" inline="true">
                <field name="VAR" id="Bg(j2t^z.$~W/H|p;lAL" variabletype="">y</field>
                <value name="VALUE">
                  <block type="math_number" id="46">
                    <field name="NUM">175</field>
                  </block>
                </value>
                <next>
                  <block type="goto" id="44">
                    <value name="X">
                      <block type="variables_get" id="121">
                        <field name="VAR" id="OEDC*3D{XRX|6W.UWEd`" variabletype="">x</field>
                      </block>
                    </value>
                    <value name="Y">
                      <block type="variables_get" id="128">
                        <field name="VAR" id="Bg(j2t^z.$~W/H|p;lAL" variabletype="">y</field>
                      </block>
                    </value>
                    <next>
                      <block type="procedures_callnoreturn" id="201" inline="false">
                        <mutation name="say">
                          <arg name="words"></arg>
                        </mutation>
                        <value name="ARG0">
                          <block type="text" id="215">
                            <field name="TEXT">My name is Marie.</field>
                          </block>
                        </value>
                        <next>
                          <block type="procedures_callnoreturn" id="]:?5U4[-JC6{O1w-yi#.">
                            <mutation name="makeM"></mutation>
                            <next>
                              <block type="procedures_callnoreturn" id="@PxMUBu`4mFOpmlk[V;t">
                                <mutation name="makeH"></mutation>
                              </block>
                            </next>
                          </block>
                        </next>
                      </block>
                    </next>
                  </block>
                </next>
              </block>
            </next>
          </block>
        </next>
      </block>
    </next>
  </block>
</xml>